"","sentence_id","word","element_id","word_count","sentiment"
"1",38,"information",43,1,0.4
"2",42,"general",48,1,0.4
"3",46,"general",54,1,0.4
"4",57,"general",67,1,0.4
"5",61,"chairman",73,1,0.25
"6",96,"loss",119,1,-0.75
"7",99,"comprehensive",122,1,0.75
"8",116,"equity",142,1,1
"9",122,"equity",149,1,1
"10",128,"cash",156,1,0.4
"11",141,"major",173,1,0.4
"12",150,"general",183,1,0.4
"13",155,"information",190,1,0.4
"14",197,"chairman",235,1,0.25
"15",203,"director",241,1,0.25
"16",232,"main",270,1,0.4
"17",234,"custody",272,1,-0.4
"18",237,"limited",275,1,-0.75
"19",268,"limited",316,1,-0.75
"20",275,"limited",324,1,-0.75
"21",295,"limited",347,1,-0.75
"22",323,"shares",383,1,0.1
"23",328,"shares",388,1,0.1
"24",335,"exchange",395,1,0.25
"25",340,"exchange",400,1,0.25
"26",346,"general",407,1,0.4
"27",357,"general",418,1,0.4
"28",392,"received",457,1,0.6
"29",396,"presence",461,1,0.4
"30",401,"approve",467,1,0.5
"31",409,"general",475,1,0.4
"32",419,"adopt",487,1,0.5
"33",435,"chairman",505,1,0.25
"34",454,"share",526,1,0.5
"35",463,"approve",540,1,0.5
"36",482,"elect",562,1,0.6
"37",490,"director",570,1,0.25
"38",508,"eligible",589,1,0.8
"39",530,"director",612,1,0.25
"40",548,"eligible",631,1,0.8
"41",584,"risk",671,1,-0.75
"42",590,"continue",677,1,0.4
"43",665,"special",759,1,0.8
"44",672,"fit",767,1,0.4
"45",674,"amend",769,1,0.8
"46",686,"special",787,1,0.8
"47",733,"hybrid",836,1,0.25
"48",749,"permitting",852,1,0.8
"49",757,"communicate",860,1,0.6
"50",768,"capable",871,1,0.5
"51",774,"participation",877,1,0.6
"52",778,"presence",881,1,0.4
"53",793,"present",896,1,0.25
"54",801,"general",905,1,0.4
"55",804,"special",908,1,0.8
"56",815,"determined",921,1,0.5
"57",828,"excluding",934,1,-0.8
"58",860,"general",970,1,0.4
"59",864,"general",974,1,0.4
"60",875,"technology",985,1,0.1
"61",889,"technology",999,1,0.1
"62",892,"hybrid",1002,1,0.25
"63",911,"communicate",1021,1,0.6
"64",918,"capable",1028,1,0.5
"65",924,"participation",1034,1,0.6
"66",928,"presence",1038,1,0.4
"67",945,"present",1055,1,0.25
"68",956,"general",1067,1,0.4
"69",964,"received",1075,1,0.6
"70",980,"entitled",1093,1,-0.25
"71",989,"entitled",1102,1,-0.25
"72",1033,"advance",1146,1,0.8
"73",1037,"general",1150,1,0.4
"74",1083,"general",1203,1,0.4
"75",1093,"pandemic",1216,1,-1
"76",1104,"general",1227,1,0.4
"77",1111,"wishing",1235,1,0.8
"78",1178,"purchase",1304,1,0.25
"79",1180,"shares",1306,1,0.1
"80",1183,"shares",1309,1,0.1
"81",1193,"assistance",1319,1,0.8
"82",1248,"wishing",1387,1,0.8
"83",1300,"option",1441,1,0.4
"84",1339,"option",1480,1,0.4
"85",1376,"custody",1520,1,-0.4
"86",1389,"wishing",1534,1,0.8
"87",1413,"option",1558,1,0.4
"88",1430,"option",1577,1,0.4
"89",1452,"entitled",1602,1,-0.25
"90",1461,"entitled",1611,1,-0.25
"91",1488,"chairman",1638,1,0.25
"92",1505,"enabled",1655,1,0.6
"93",1511,"included",1661,1,0.6
"94",1519,"available",1669,1,0.8
"95",1530,"regulatory",1680,1,-0.25
"96",1540,"available",1690,1,0.8
"97",1546,"custody",1696,1,-0.4
"98",1569,"attorney",1719,1,-0.25
"99",1571,"authorized",1721,1,0.6
"100",1602,"authorized",1752,1,0.6
"101",1603,"attorney",1753,1,-0.25
"102",1622,"custody",1772,1,-0.4
"103",1639,"received",1789,1,0.6
"104",1678,"rejected",1832,1,-1
"105",1685,"concerned",1839,1,-0.6
"106",1693,"allow",1848,1,0.25
"107",1698,"issues",1853,1,-1
"108",1704,"general",1860,1,0.4
"109",1732,"general",1889,1,0.4
"110",1750,"prompt",1907,1,0.6
"111",1775,"prompt",1933,1,0.6
"112",1781,"ahead",1939,1,0.8
"113",1785,"reminding",1943,1,-0.25
"114",1801,"providing",1959,1,0.8
"115",1841,"chairman",2000,1,0.25
"116",1865,"forward",2027,1,0.6
"117",1869,"results",2032,1,0.25
"118",1884,"preferred",2049,1,0.8
"119",1898,"wish",2064,1,0.8
"120",1915,"payment",2081,1,-0.1
"121",1927,"share",2095,1,0.5
"122",1929,"custody",2097,1,-0.4
"123",1932,"limited",2100,1,-0.75
"124",1934,"present",2103,1,0.25
"125",1953,"assets",2122,1,0.5
"126",1963,"shares",2134,1,0.1
"127",1986,"assets",2158,1,0.5
"128",1987,"authority",2159,1,0.5
"129",1989,"authority",2161,1,0.5
"130",1991,"abandoned",2163,1,-0.5
"131",1992,"assets",2164,1,0.5
"132",1999,"present",2171,1,0.25
"133",2004,"unpaid",2176,1,-0.8
"134",2010,"contact",2182,1,0.4
"135",2012,"share",2184,1,0.5
"136",2014,"custody",2186,1,-0.4
"137",2017,"limited",2189,1,-0.75
"138",2026,"unpaid",2198,1,-0.8
"139",2029,"avert",2201,1,-0.25
"140",2031,"risk",2203,1,-0.75
"141",2039,"authority",2211,1,0.5
"142",2040,"custody",2212,1,-0.4
"143",2043,"limited",2215,1,-0.75
"144",2072,"general",2248,1,0.4
"145",2087,"present",2266,1,0.25
"146",2122,"chairman",2301,1,0.25
"147",2126,"director",2305,1,0.25
"148",2127,"director",2306,1,0.25
"149",2128,"director",2307,1,0.25
"150",2129,"director",2308,1,0.25
"151",2130,"director",2309,1,0.25
"152",2133,"director",2312,1,0.25
"153",2141,"limited",2320,1,-0.75
"154",2144,"limited",2323,1,-0.75
"155",2146,"director",2325,1,0.25
"156",2151,"present",2331,1,0.25
"157",2153,"attendance",2333,1,0.4
"158",2170,"chairman",2350,1,0.25
"159",2175,"welcoming",2355,1,1
"160",2183,"general",2363,1,0.4
"161",2205,"pandemic",2386,1,-1
"162",2211,"present",2392,1,0.25
"163",2224,"introduced",2405,1,0.6
"164",2240,"present",2421,1,0.25
"165",2254,"chairman",2436,1,0.25
"166",2267,"received",2449,1,0.6
"167",2269,"confirmed",2451,1,0.5
"168",2271,"presence",2453,1,0.4
"169",2283,"chairman",2465,1,0.25
"170",2288,"properly",2470,1,1
"171",2292,"chairman",2475,1,0.25
"172",2296,"chairman",2479,1,0.25
"173",2307,"management",2490,1,0.4
"174",2318,"virus",2502,1,-0.5
"175",2320,"well",2504,1,0.8
"176",2322,"support",2506,1,0.5
"177",2327,"community",2511,1,0.6
"178",2331,"government",2515,1,-0.5
"179",2336,"pandemic",2521,1,-1
"180",2353,"community",2538,1,0.6
"181",2367,"virus",2554,1,-0.5
"182",2371,"initiated",2558,1,0.6
"183",2372,"community",2559,1,0.6
"184",2377,"prevent",2564,1,-0.25
"185",2382,"virus",2570,1,-0.5
"186",2383,"including",2571,1,0.6
"187",2388,"clean",2576,1,0.75
"188",2391,"protective",2579,1,0.5
"189",2399,"assist",2587,1,0.8
"190",2410,"experienced",2598,1,0.6
"191",2431,"pandemic",2622,1,-1
"192",2435,"confidence",2626,1,0.75
"193",2441,"exceptional",2632,1,0.5
"194",2445,"provide",2636,1,0.8
"195",2446,"additional",2637,1,0.25
"196",2447,"opportunities",2638,1,1
"197",2457,"better",2648,1,0.8
"198",2458,"improve",2649,1,0.75
"199",2460,"performance",2651,1,0.4
"200",2462,"chairman",2653,1,0.25
"201",2469,"relating",2660,1,0.1
"202",2483,"chairman",2674,1,0.25
"203",2522,"reading",2713,1,0.1
"204",2533,"results",2727,1,0.25
"205",2555,"chairman",2750,1,0.25
"206",2565,"general",2760,1,0.4
"207",2581,"available",2778,1,0.8
"208",2589,"recommended",2786,1,0.5
"209",2607,"general",2805,1,0.4
"210",2631,"chairman",2835,1,0.25
"211",2632,"recommended",2836,1,0.5
"212",2639,"chairman",2843,1,0.25
"213",2691,"chairman",2901,1,0.25
"214",2692,"confirmed",2902,1,0.5
"215",2697,"received",2907,1,0.6
"216",2713,"chairman",2923,1,0.25
"217",2740,"chairman",2950,1,0.25
"218",2744,"director",2954,1,0.25
"219",2760,"chairman",2970,1,0.25
"220",2771,"relating",2981,1,0.1
"221",2785,"chairman",2995,1,0.25
"222",2818,"confirmed",3028,1,0.5
"223",2828,"discussion",3038,1,0.4
"224",2854,"guide",3064,1,0.6
"225",2861,"procedure",3071,1,0.4
"226",2863,"respect",3073,1,0.5
"227",2871,"results",3082,1,0.25
"228",2885,"outcome",3096,1,-0.25
"229",2896,"general",3107,1,0.4
"230",2905,"approval",3116,1,1
"231",2924,"resolved",3135,1,0.6
"232",2933,"general",3144,1,0.4
"233",2942,"approved",3155,1,1
"234",2967,"resolved",3182,1,0.6
"235",2987,"chairman",3204,1,0.25
"236",3014,"grace",3231,1,1
"237",3019,"resolved",3236,1,0.6
"238",3030,"share",3248,1,0.5
"239",3032,"respect",3250,1,0.5
"240",3043,"approved",3263,1,1
"241",3045,"payment",3265,1,-0.1
"242",3083,"resolved",3305,1,0.6
"243",3105,"approved",3329,1,1
"244",3115,"general",3340,1,0.4
"245",3122,"results",3348,1,0.25
"246",3147,"resolved",3373,1,0.6
"247",3155,"director",3381,1,0.25
"248",3178,"eligible",3405,1,0.8
"249",3219,"unanimously",3447,1,0.25
"250",3220,"resolved",3448,1,0.6
"251",3227,"director",3455,1,0.25
"252",3245,"eligible",3474,1,0.8
"253",3286,"resolved",3516,1,0.6
"254",3293,"director",3523,1,0.25
"255",3331,"special",3565,1,0.8
"256",3335,"received",3569,1,0.6
"257",3372,"risk",3608,1,-0.75
"258",3390,"resolved",3626,1,0.6
"259",3414,"risk",3652,1,-0.75
"260",3422,"continue",3660,1,0.4
"261",3465,"unanimously",3703,1,0.25
"262",3466,"resolved",3704,1,0.6
"263",3506,"authorized",3749,1,0.6
"264",3529,"chairman",3775,1,0.25
"265",3536,"eat",3783,1,0.6
"266",3543,"care",3790,1,1
"267",3546,"safe",3793,1,0.75
"268",3550,"pandemic",3798,1,-1
"269",3551,"confirmed",3799,1,0.5
"270",3553,"chairman",3801,1,0.25
"271",3556,"chairman",3805,1,0.25
"272",3564,"results",3815,1,0.25
"273",3577,"production",3828,1,0.1
"274",3582,"production",3833,1,0.1
"275",3597,"results",3848,1,0.25
"276",3617,"experienced",3868,1,0.6
"277",3618,"greater",3869,1,0.5
"278",3630,"increased",3881,1,0.5
"279",3634,"young",3885,1,0.4
"280",3646,"enhanced",3897,1,0.8
"281",3652,"commitment",3903,1,0.5
"282",3656,"critical",3907,1,-0.6
"283",3664,"level",3915,1,0.4
"284",3682,"production",3934,1,0.1
"285",3686,"decline",3938,1,-0.75
"286",3692,"fall",3944,1,-0.25
"287",3709,"production",3961,1,0.1
"288",3728,"instructive",3981,1,0.4
"289",3739,"markets",3992,1,0.1
"290",3750,"confidence",4003,1,0.75
"291",3752,"trust",4005,1,0.5
"292",3759,"performance",4012,1,0.4
"293",3761,"greater",4014,1,0.5
"294",3765,"notably",4018,1,0.6
"295",3768,"increased",4021,1,0.5
"296",3776,"young",4032,1,0.4
"297",3779,"mature",4035,1,0.75
"298",3784,"growing",4040,1,0.8
"299",3788,"marginally",4044,1,-0.4
"300",3789,"increased",4045,1,0.5
"301",3791,"improved",4047,1,0.75
"302",3796,"growth",4052,1,0.5
"303",3800,"production",4056,1,0.1
"304",3805,"concern",4061,1,-0.6
"305",3808,"production",4064,1,0.1
"306",3823,"growing",4079,1,0.8
"307",3827,"leads",4083,1,0.4
"308",3830,"production",4086,1,0.1
"309",3833,"production",4089,1,0.1
"310",3849,"fully",4105,1,0.4
"311",3850,"appreciate",4106,1,0.5
"312",3876,"optimistic",4132,1,0.5
"313",3879,"production",4135,1,0.1
"314",3891,"recommends",4147,1,0.8
"315",3893,"increase",4149,1,0.5
"316",3898,"share",4154,1,0.5
"317",3905,"share",4163,1,0.5
"318",3916,"markets",4175,1,0.1
"319",3923,"pandemic",4182,1,-1
"320",3931,"increased",4190,1,0.5
"321",3950,"management",4209,1,0.4
"322",3954,"mature",4213,1,0.75
"323",3962,"risk",4221,1,-0.75
"324",3971,"new",4230,1,0.8
"325",3977,"production",4236,1,0.1
"326",3980,"consistent",4239,1,0.8
"327",3985,"established",4244,1,0.4
"328",3987,"thriving",4246,1,0.5
"329",3988,"new",4247,1,0.8
"330",3990,"immature",4249,1,-0.5
"331",3997,"production",4257,1,0.1
"332",4007,"new",4267,1,0.8
"333",4019,"production",4279,1,0.1
"334",4025,"planning",4285,1,0.25
"335",4030,"new",4290,1,0.8
"336",4052,"cultivation",4313,1,0.6
"337",4055,"chairman",4317,1,0.25
"338",4074,"technology",4338,1,0.1
"339",4078,"cracking",4342,1,-0.4
"340",4083,"increase",4347,1,0.5
"341",4093,"producing",4357,1,0.6
"342",4096,"quality",4360,1,1
"343",4101,"technology",4365,1,0.1
"344",4103,"food",4367,1,0.4
"345",4111,"harvest",4375,1,0.6
"346",4115,"level",4379,1,0.4
"347",4146,"integrated",4410,1,0.6
"348",4150,"art",4414,1,0.6
"349",4155,"production",4419,1,0.1
"350",4156,"level",4420,1,0.4
"351",4164,"dams",4428,1,-0.25
"352",4166,"efficient",4430,1,0.75
"353",4177,"vital",4441,1,0.4
"354",4181,"sustainability",4445,1,1
"355",4183,"exciting",4447,1,0.75
"356",4184,"opportunities",4448,1,1
"357",4198,"producing",4462,1,0.6
"358",4199,"affordable",4463,1,0.8
"359",4200,"good",4464,1,0.75
"360",4201,"quality",4465,1,1
"361",4207,"production",4471,1,0.1
"362",4209,"include",4473,1,0.6
"363",4212,"strengthen",4476,1,0.5
"364",4225,"acceptable",4489,1,0.5
"365",4227,"talk",4491,1,0.4
"366",4247,"grow",4511,1,0.8
"367",4250,"sustainable",4514,1,1
"368",4251,"traditional",4515,1,0.6
"369",4268,"technology",4532,1,0.1
"370",4272,"create",4536,1,0.6
"371",4274,"sustainable",4538,1,1
"372",4281,"essential",4545,1,0.6
"373",4286,"working",4551,1,0.25
"374",4290,"trust",4555,1,0.5
"375",4298,"strict",4563,1,-0.4
"376",4312,"conservation",4577,1,0.8
"377",4316,"enhancement",4581,1,0.8
"378",4318,"natural",4583,1,0.6
"379",4339,"strategic",4604,1,0.6
"380",4344,"focused",4609,1,0.6
"381",4350,"vital",4615,1,0.4
"382",4386,"united",4651,1,0.5
"383",4388,"guiding",4653,1,0.6
"384",4400,"attorney",4665,1,-0.25
"385",4401,"general",4666,1,0.4
"386",4413,"effectively",4678,1,0.5
"387",4424,"joined",4689,1,0.6
"388",4426,"growing",4691,1,0.8
"389",4430,"focused",4695,1,0.6
"390",4436,"guiding",4701,1,0.6
"391",4451,"established",4716,1,0.4
"392",4456,"level",4721,1,0.4
"393",4457,"grievance",4722,1,-0.5
"394",4460,"fully",4725,1,0.4
"395",4478,"transparent",4743,1,-0.25
"396",4481,"receiving",4746,1,0.6
"397",4487,"grievances",4752,1,-1
"398",4508,"guiding",4773,1,0.6
"399",4515,"welcomed",4780,1,0.75
"400",4517,"endorsed",4782,1,0.5
"401",4528,"progressive",4793,1,0.25
"402",4534,"strengthen",4799,1,0.5
"403",4536,"relationships",4801,1,0.25
"404",4546,"right",4811,1,0.8
"405",4555,"player",4820,1,-0.1
"406",4560,"exchange",4825,1,0.25
"407",4594,"community",4860,1,0.6
"408",4605,"economic",4871,1,-0.25
"409",4613,"economic",4879,1,-0.25
"410",4614,"empowerment",4880,1,1
"411",4622,"flagship",4888,1,0.4
"412",4636,"pay",4902,1,-0.1
"413",4653,"chairman",4921,1,0.25
"414",4674,"considerable",4945,1,0.1
"415",4675,"expenditure",4946,1,-0.25
"416",4677,"providing",4948,1,0.8
"417",4679,"correct",4950,1,0.6
"418",4680,"safety",4951,1,0.8
"419",4684,"work",4955,1,0.25
"420",4688,"working",4959,1,0.25
"421",4709,"community",4981,1,0.6
"422",4719,"strain",4991,1,-0.6
"423",4724,"dedicated",4996,1,0.5
"424",4728,"government",5000,1,-0.5
"425",4733,"fresh",5005,1,0.5
"426",4743,"good",5015,1,0.75
"427",4744,"rainfall",5016,1,0.1
"428",4750,"dams",5023,1,-0.25
"429",4753,"providing",5026,1,0.8
"430",4756,"adequate",5029,1,0.5
"431",4758,"resources",5031,1,0.25
"432",4776,"expand",5050,1,0.1
"433",4779,"continue",5053,1,0.4
"434",4794,"management",5068,1,0.4
"435",4801,"mentor",5075,1,0.8
"436",4803,"nurture",5077,1,0.8
"437",4804,"university",5078,1,0.6
"438",4813,"opportunity",5087,1,0.5
"439",4820,"management",5094,1,0.4
"440",4822,"opportunities",5096,1,1
"441",4828,"positive",5102,1,0.75
"442",4837,"continue",5111,1,0.4
"443",4839,"develop",5113,1,0.1
"444",4843,"additional",5117,1,0.25
"445",4850,"domestic",5124,1,-0.25
"446",4853,"markets",5127,1,0.1
"447",4856,"priority",5130,1,0.6
"448",4860,"include",5134,1,0.6
"449",4862,"frozen",5136,1,-0.25
"450",4869,"quality",5143,1,1
"451",4872,"snacks",5146,1,0.4
"452",4885,"continue",5159,1,0.4
"453",4887,"strategic",5161,1,0.6
"454",4894,"sustainability",5168,1,1
"455",4897,"commitment",5171,1,0.5
"456",4909,"constructive",5183,1,1
"457",4914,"including",5188,1,0.6
"458",4925,"government",5199,1,-0.5
"459",4927,"government",5201,1,-0.5
"460",4928,"civil",5202,1,0.8
"461",4935,"objective",5209,1,0.4
"462",4941,"ensure",5215,1,0.8
"463",4954,"progress",5228,1,0.75
"464",4963,"focused",5237,1,0.6
"465",4968,"united",5242,1,0.5
"466",4970,"sustainable",5244,1,1
"467",4976,"well",5250,1,0.8
"468",4984,"accept",5258,1,1
"469",4986,"importance",5260,1,0.5
"470",4996,"best",5270,1,0.5
"471",4997,"capture",5271,1,-0.6
"472",5002,"aspirations",5276,1,0.8
"473",5008,"community",5282,1,0.6
"474",5010,"integral",5284,1,0.6
"475",5014,"sustainability",5288,1,1
"476",5047,"advance",5321,1,0.8
"477",5050,"care",5324,1,1
"478",5089,"information",5369,1,0.4
"479",5093,"general",5374,1,0.4
"480",5097,"general",5379,1,0.4
"481",5108,"general",5392,1,0.4
"482",5112,"chairman",5398,1,0.25
"483",5142,"loss",5438,1,-0.75
"484",5145,"comprehensive",5441,1,0.75
"485",5162,"equity",5461,1,1
"486",5168,"equity",5468,1,1
"487",5174,"cash",5475,1,0.4
"488",5187,"major",5492,1,0.4
"489",5196,"general",5502,1,0.4
"490",5201,"information",5509,1,0.4
"491",5243,"chairman",5554,1,0.25
"492",5251,"director",5564,1,0.25
"493",5256,"chairman",5569,1,0.25
"494",5268,"deceased",5583,1,-1
"495",5292,"main",5611,1,0.4
"496",5294,"custody",5613,1,-0.4
"497",5297,"limited",5616,1,-0.75
"498",5328,"limited",5657,1,-0.75
"499",5334,"limited",5664,1,-0.75
"500",5354,"limited",5687,1,-0.75
"501",5382,"shares",5723,1,0.1
"502",5387,"shares",5728,1,0.1
"503",5394,"exchange",5735,1,0.25
"504",5399,"exchange",5740,1,0.25
"505",5405,"general",5747,1,0.4
"506",5416,"general",5758,1,0.4
"507",5454,"presence",5800,1,0.4
"508",5459,"approve",5806,1,0.5
"509",5467,"general",5814,1,0.4
"510",5477,"adopt",5826,1,0.5
"511",5492,"chairman",5843,1,0.25
"512",5511,"share",5864,1,0.5
"513",5520,"approve",5878,1,0.5
"514",5541,"elect",5902,1,0.6
"515",5549,"director",5910,1,0.25
"516",5572,"eligible",5934,1,0.8
"517",5594,"director",5957,1,0.25
"518",5612,"eligible",5976,1,0.8
"519",5667,"special",6036,1,0.8
"520",5671,"received",6040,1,0.6
"521",5711,"risk",6085,1,-0.75
"522",5717,"continue",6091,1,0.4
"523",5799,"general",6181,1,0.4
"524",5807,"received",6189,1,0.6
"525",5823,"entitled",6207,1,-0.25
"526",5832,"entitled",6216,1,-0.25
"527",5876,"advance",6260,1,0.8
"528",5880,"general",6264,1,0.4
"529",5926,"general",6317,1,0.4
"530",5930,"wishing",6322,1,0.8
"531",5977,"purchase",6371,1,0.25
"532",5979,"shares",6373,1,0.1
"533",5982,"shares",6376,1,0.1
"534",5992,"assistance",6386,1,0.8
"535",6049,"wishing",6456,1,0.8
"536",6102,"option",6511,1,0.4
"537",6141,"option",6550,1,0.4
"538",6178,"custody",6590,1,-0.4
"539",6191,"wishing",6604,1,0.8
"540",6215,"option",6628,1,0.4
"541",6239,"option",6654,1,0.4
"542",6260,"entitled",6678,1,-0.25
"543",6269,"entitled",6687,1,-0.25
"544",6296,"chairman",6714,1,0.25
"545",6314,"included",6732,1,0.6
"546",6322,"available",6740,1,0.8
"547",6333,"regulatory",6751,1,-0.25
"548",6343,"available",6761,1,0.8
"549",6349,"custody",6767,1,-0.4
"550",6372,"attorney",6790,1,-0.25
"551",6374,"authorized",6792,1,0.6
"552",6405,"authorized",6823,1,0.6
"553",6406,"attorney",6824,1,-0.25
"554",6425,"custody",6843,1,-0.4
"555",6442,"received",6860,1,0.6
"556",6482,"rejected",6904,1,-1
"557",6489,"concerned",6911,1,-0.6
"558",6497,"allow",6920,1,0.25
"559",6502,"issues",6925,1,-1
"560",6508,"general",6932,1,0.4
"561",6537,"general",6962,1,0.4
"562",6555,"prompt",6980,1,0.6
"563",6580,"prompt",7006,1,0.6
"564",6586,"ahead",7012,1,0.8
"565",6590,"reminding",7016,1,-0.25
"566",6606,"providing",7032,1,0.8
"567",6646,"chairman",7073,1,0.25
"568",6664,"forward",7094,1,0.6
"569",6668,"results",7099,1,0.25
"570",6683,"preferred",7116,1,0.8
"571",6698,"wish",7132,1,0.8
"572",6715,"payment",7149,1,-0.1
"573",6727,"share",7163,1,0.5
"574",6729,"custody",7165,1,-0.4
"575",6732,"limited",7168,1,-0.75
"576",6734,"present",7171,1,0.25
"577",6753,"assets",7190,1,0.5
"578",6763,"shares",7202,1,0.1
"579",6786,"assets",7226,1,0.5
"580",6787,"authority",7227,1,0.5
"581",6789,"authority",7229,1,0.5
"582",6791,"abandoned",7231,1,-0.5
"583",6792,"assets",7232,1,0.5
"584",6799,"present",7239,1,0.25
"585",6804,"unpaid",7244,1,-0.8
"586",6810,"contact",7250,1,0.4
"587",6812,"share",7252,1,0.5
"588",6814,"custody",7254,1,-0.4
"589",6817,"limited",7257,1,-0.75
"590",6826,"unpaid",7266,1,-0.8
"591",6829,"avert",7269,1,-0.25
"592",6831,"risk",7271,1,-0.75
"593",6839,"authority",7279,1,0.5
"594",6840,"custody",7280,1,-0.4
"595",6843,"limited",7283,1,-0.75
"596",6871,"general",7315,1,0.4
"597",6885,"present",7333,1,0.25
"598",6890,"chairman",7338,1,0.25
"599",6896,"director",7344,1,0.25
"600",6901,"director",7349,1,0.25
"601",6907,"director",7355,1,0.25
"602",6911,"director",7359,1,0.25
"603",6916,"director",7364,1,0.25
"604",6922,"director",7370,1,0.25
"605",6926,"present",7375,1,0.25
"606",6936,"share",7386,1,0.5
"607",6942,"attendance",7392,1,0.4
"608",6958,"chairman",7408,1,0.25
"609",6963,"welcoming",7413,1,1
"610",6971,"general",7421,1,0.4
"611",6998,"present",7449,1,0.25
"612",7014,"introduced",7465,1,0.6
"613",7030,"present",7481,1,0.25
"614",7044,"chairman",7496,1,0.25
"615",7055,"confirmed",7507,1,0.5
"616",7057,"presence",7509,1,0.4
"617",7069,"chairman",7521,1,0.25
"618",7074,"properly",7526,1,1
"619",7078,"chairman",7531,1,0.25
"620",7082,"chairman",7535,1,0.25
"621",7088,"untimely",7541,1,-0.5
"622",7089,"demise",7542,1,-0.5
"623",7097,"director",7550,1,0.25
"624",7106,"united",7559,1,0.5
"625",7113,"battle",7568,1,-0.5
"626",7115,"cancer",7570,1,-0.75
"627",7122,"instrumental",7577,1,0.5
"628",7134,"focus",7589,1,0.6
"629",7136,"good",7591,1,0.75
"630",7140,"absolute",7595,1,-0.25
"631",7143,"moral",7598,1,0.1
"632",7145,"principled",7600,1,0.8
"633",7149,"chairman",7604,1,0.25
"634",7160,"management",7615,1,0.4
"635",7165,"support",7620,1,0.5
"636",7170,"community",7625,1,0.6
"637",7173,"government",7628,1,-0.5
"638",7178,"pandemic",7634,1,-1
"639",7183,"support",7639,1,0.5
"640",7184,"granted",7640,1,0.5
"641",7188,"government",7644,1,-0.5
"642",7191,"well",7647,1,0.8
"643",7207,"production",7663,1,0.1
"644",7215,"chairman",7671,1,0.25
"645",7222,"relating",7678,1,0.1
"646",7236,"chairman",7692,1,0.25
"647",7275,"reading",7731,1,0.1
"648",7286,"results",7745,1,0.25
"649",7316,"general",7777,1,0.4
"650",7320,"chairman",7781,1,0.25
"651",7330,"general",7791,1,0.4
"652",7346,"available",7809,1,0.8
"653",7354,"recommended",7817,1,0.5
"654",7370,"chairman",7836,1,0.25
"655",7371,"recommended",7837,1,0.5
"656",7378,"chairman",7844,1,0.25
"657",7406,"well",7874,1,0.8
"658",7449,"chairman",7922,1,0.25
"659",7450,"confirmed",7923,1,0.5
"660",7455,"received",7928,1,0.6
"661",7469,"chairman",7942,1,0.25
"662",7519,"chairman",7992,1,0.25
"663",7528,"procedure",8001,1,0.4
"664",7530,"respect",8003,1,0.5
"665",7576,"confirmed",8049,1,0.5
"666",7586,"discussion",8059,1,0.4
"667",7592,"chairman",8065,1,0.25
"668",7609,"results",8086,1,0.25
"669",7623,"outcome",8100,1,-0.25
"670",7632,"general",8109,1,0.4
"671",7641,"approval",8118,1,1
"672",7646,"resolved",8123,1,0.6
"673",7655,"general",8132,1,0.4
"674",7664,"approved",8143,1,1
"675",7675,"resolved",8156,1,0.6
"676",7692,"chairman",8175,1,0.25
"677",7713,"resolved",8196,1,0.6
"678",7725,"share",8209,1,0.5
"679",7727,"respect",8211,1,0.5
"680",7738,"ratified",8224,1,0.1
"681",7748,"general",8235,1,0.4
"682",7759,"resolved",8246,1,0.6
"683",7786,"approved",8275,1,1
"684",7795,"resolved",8284,1,0.6
"685",7819,"approved",8310,1,1
"686",7829,"resolved",8320,1,0.6
"687",7851,"eligible",8343,1,0.8
"688",7888,"resolved",8381,1,0.6
"689",7894,"director",8387,1,0.25
"690",7929,"special",8424,1,0.8
"691",7933,"received",8428,1,0.6
"692",7967,"risk",8464,1,-0.75
"693",7971,"resolved",8468,1,0.6
"694",7994,"risk",8493,1,-0.75
"695",8003,"continue",8502,1,0.4
"696",8040,"resolved",8539,1,0.6
"697",8079,"authorized",8583,1,0.6
"698",8102,"chairman",8609,1,0.25
"699",8108,"care",8615,1,1
"700",8111,"safe",8618,1,0.75
"701",8115,"pandemic",8623,1,-1
"702",8123,"eat",8632,1,0.6
"703",8133,"eat",8643,1,0.6
"704",8134,"confirmed",8644,1,0.5
"705",8136,"chairman",8648,1,0.25
"706",8139,"chairman",8652,1,0.25
"707",8147,"results",8662,1,0.25
"708",8151,"robust",8666,1,0.75
"709",8152,"results",8667,1,0.25
"710",8158,"uncertainty",8673,1,-0.8
"711",8161,"main",8676,1,0.4
"712",8163,"markets",8678,1,0.1
"713",8168,"pandemic",8684,1,-1
"714",8172,"tax",8688,1,-0.25
"715",8195,"sufficient",8714,1,1
"716",8227,"contribution",8749,1,0.5
"717",8231,"results",8753,1,0.25
"718",8240,"encouraging",8762,1,1
"719",8242,"reflects",8764,1,0.4
"720",8244,"benefits",8766,1,1
"721",8248,"diversified",8770,1,1
"722",8253,"increase",8775,1,0.5
"723",8256,"production",8778,1,0.1
"724",8279,"results",8804,1,0.25
"725",8281,"include",8806,1,0.6
"726",8287,"defending",8812,1,0.25
"727",8301,"jurisdiction",8826,1,-0.25
"728",8304,"united",8829,1,0.5
"729",8322,"cash",8848,1,0.4
"730",8325,"strong",8851,1,0.5
"731",8331,"good",8857,1,0.75
"732",8336,"strategic",8862,1,0.6
"733",8340,"recommends",8866,1,0.8
"734",8342,"increase",8868,1,0.5
"735",8347,"share",8873,1,0.5
"736",8375,"continue",8904,1,0.4
"737",8377,"sustainability",8906,1,1
"738",8378,"journey",8907,1,0.4
"739",8381,"proud",8910,1,0.75
"740",8384,"launched",8913,1,0.25
"741",8396,"sustainability",8925,1,1
"742",8403,"fantastic",8932,1,0.75
"743",8411,"commitment",8940,1,0.5
"744",8415,"united",8944,1,0.5
"745",8417,"sustainable",8946,1,1
"746",8424,"well",8953,1,0.8
"747",8427,"challenging",8956,1,-1
"748",8432,"pandemic",8961,1,-1
"749",8451,"cleaning",8980,1,0.6
"750",8453,"well",8982,1,0.8
"751",8456,"working",8985,1,0.25
"752",8480,"disruption",9009,1,-0.75
"753",8486,"grateful",9015,1,1
"754",8493,"commitment",9022,1,0.5
"755",8495,"dedication",9024,1,0.5
"756",8498,"difficult",9027,1,-0.5
"757",8502,"important",9031,1,0.75
"758",8505,"thank",9034,1,0.5
"759",8511,"government",9040,1,-0.5
"760",8514,"worked",9043,1,0.25
"761",8517,"allow",9046,1,0.25
"762",8519,"like",9048,1,0.5
"763",8525,"providing",9054,1,0.8
"764",8529,"positively",9058,1,0.75
"765",8538,"continue",9067,1,0.4
"766",8541,"economic",9070,1,-0.25
"767",8542,"empowerment",9071,1,1
"768",8543,"commitment",9072,1,0.5
"769",8551,"purchase",9080,1,0.25
"770",8571,"markets",9103,1,0.1
"771",8577,"pandemic",9109,1,-1
"772",8590,"hope",9122,1,0.5
"773",8596,"stable",9129,1,1
"774",8598,"develop",9131,1,0.1
"775",8604,"impossible",9137,1,-0.5
"776",8609,"pandemic",9142,1,-1
"777",8612,"disruption",9145,1,-0.75
"778",8615,"main",9148,1,0.4
"779",8617,"markets",9150,1,0.1
"780",8625,"food",9158,1,0.4
"781",8630,"demand",9163,1,-0.5
"782",8634,"resilient",9167,1,0.5
"783",8664,"exceptionally",9197,1,1
"784",8666,"rainfall",9199,1,0.1
"785",8674,"cold",9209,1,-0.5
"786",8679,"well",9214,1,0.8
"787",8689,"pandemic",9224,1,-1
"788",8697,"chairman",9233,1,0.25
"789",8710,"continue",9248,1,0.4
"790",8712,"grow",9250,1,0.8
"791",8716,"mature",9254,1,0.75
"792",8719,"greater",9258,1,0.5
"793",8721,"demand",9261,1,-0.5
"794",8730,"pandemic",9270,1,-1
"795",8734,"markets",9274,1,0.1
"796",8737,"considerable",9277,1,0.1
"797",8738,"downturn",9278,1,-0.8
"798",8762,"markets",9302,1,0.1
"799",8782,"reasonable",9322,1,0.5
"800",8789,"growing",9329,1,0.8
"801",8790,"demand",9330,1,-0.5
"802",8792,"super",9332,1,0.75
"803",8805,"continue",9345,1,0.4
"804",8809,"opportunity",9349,1,0.5
"805",8815,"strong",9355,1,0.5
"806",8816,"performance",9356,1,0.4
"807",8824,"demand",9364,1,-0.5
"808",8835,"encouraging",9375,1,1
"809",8839,"importance",9379,1,0.5
"810",8841,"sustainable",9381,1,1
"811",8843,"resources",9383,1,0.25
"812",8854,"quality",9394,1,1
"813",8862,"demand",9402,1,-0.5
"814",8868,"continue",9408,1,0.4
"815",8870,"expand",9410,1,0.1
"816",8878,"demand",9418,1,-0.5
"817",8881,"downside",9421,1,-0.5
"818",8890,"inevitably",9430,1,-0.5
"819",8894,"pandemic",9434,1,-1
"820",8901,"butchery",9441,1,-0.8
"821",8907,"fell",9447,1,-0.5
"822",8914,"pressure",9454,1,-0.5
"823",8926,"allegations",9466,1,-0.8
"824",8929,"received",9469,1,0.6
"825",8938,"shocking",9479,1,-0.75
"826",8965,"level",9507,1,0.4
"827",8966,"grievance",9508,1,-0.5
"828",8970,"enhance",9512,1,0.5
"829",8972,"timely",9514,1,0.5
"830",8974,"sensitive",9516,1,0.25
"831",8977,"grievances",9519,1,-1
"832",8993,"fully",9535,1,0.4
"833",8994,"compliant",9536,1,0.5
"834",8997,"guiding",9539,1,0.6
"835",9008,"fair",9550,1,0.75
"836",9009,"transparent",9551,1,-0.25
"837",9014,"resolve",9556,1,0.8
"838",9016,"complaints",9558,1,-1
"839",9030,"extensive",9572,1,0.5
"840",9042,"organization",9584,1,0.4
"841",9046,"lead",9588,1,0.25
"842",9053,"engaged",9595,1,0.6
"843",9059,"comprehensive",9601,1,0.75
"844",9076,"confidence",9618,1,0.75
"845",9079,"commitment",9621,1,0.5
"846",9082,"attainment",9624,1,0.8
"847",9095,"well",9637,1,0.8
"848",9096,"advanced",9638,1,0.75
"849",9101,"level",9643,1,0.4
"850",9113,"provide",9655,1,0.8
"851",9121,"relating",9663,1,0.1
"852",9138,"clear",9680,1,0.5
"853",9142,"commitment",9684,1,0.5
"854",9144,"adopt",9686,1,0.5
"855",9157,"sustainability",9699,1,1
"856",9159,"commitment",9701,1,0.5
"857",9161,"ethical",9703,1,0.75
"858",9163,"sustainable",9705,1,1
"859",9164,"production",9706,1,0.1
"860",9166,"quality",9708,1,1
"861",9172,"thank",9714,1,0.5
"862",9189,"support",9731,1,0.5
"863",9201,"supporting",9743,1,0.75
"864",9206,"empowerment",9748,1,1
"865",9210,"continue",9752,1,0.4
"866",9215,"beneficial",9757,1,0.5
"867",9219,"united",9761,1,0.5
"868",9221,"global",9763,1,0.4
"869",9222,"compact",9764,1,0.4
"870",9233,"anti",9775,1,-1
"871",9234,"corruption",9776,1,-0.75
"872",9252,"focus",9794,1,0.6
"873",9258,"united",9800,1,0.5
"874",9260,"sustainable",9802,1,1
"875",9266,"include",9808,1,0.6
"876",9267,"good",9809,1,0.75
"877",9270,"wellbeing",9812,1,1
"878",9271,"quality",9813,1,1
"879",9274,"equality",9816,1,0.8
"880",9275,"clean",9817,1,0.75
"881",9279,"decent",9821,1,0.5
"882",9280,"work",9822,1,0.25
"883",9282,"economic",9824,1,-0.25
"884",9283,"growth",9825,1,0.5
"885",9287,"action",9829,1,0.25
"886",9290,"chairman",9833,1,0.25
"887",9304,"sustainability",9849,1,1
"888",9307,"respect",9852,1,0.5
"889",9312,"quality",9857,1,1
"890",9321,"learning",9866,1,0.8
"891",9330,"blocks",9875,1,-0.6
"892",9339,"clean",9884,1,0.75
"893",9346,"assist",9891,1,0.8
"894",9376,"curriculum",9921,1,-0.25
"895",9382,"commitment",9927,1,0.5
"896",9385,"equality",9930,1,0.8
"897",9391,"harassment",9936,1,-1
"898",9395,"prevention",9940,1,0.25
"899",9396,"sharp",9941,1,1
"900",9404,"featured",9949,1,0.4
"901",9405,"strongly",9950,1,0.6
"902",9414,"well",9959,1,0.8
"903",9417,"donation",9962,1,0.8
"904",9420,"community",9965,1,0.6
"905",9424,"won",9969,1,0.5
"906",9426,"prestigious",9972,1,1
"907",9429,"award",9975,1,0.75
"908",9432,"best",9978,1,0.5
"909",9435,"safety",9981,1,0.8
"910",9443,"accredited",9989,1,0.8
"911",9446,"scheme",9992,1,-0.1
"912",9449,"winners",9995,1,0.8
"913",9453,"responsible",9999,1,0.25
"914",9455,"awards",10001,1,0.5
"915",9459,"community",10005,1,0.6
"916",9463,"great",10009,1,0.5
"917",9464,"importance",10010,1,0.5
"918",9472,"contracted",10018,1,-0.5
"919",9474,"community",10020,1,0.6
"920",9478,"enhance",10024,1,0.5
"921",9484,"community",10030,1,0.6
"922",9490,"received",10036,1,0.6
"923",9491,"positive",10037,1,0.75
"924",9495,"regard",10041,1,1
"925",9508,"pandemic",10055,1,-1
"926",9516,"protect",10063,1,0.75
"927",9520,"strengthening",10067,1,0.5
"928",9522,"community",10069,1,0.6
"929",9523,"support",10070,1,0.5
"930",9527,"included",10074,1,0.6
"931",9528,"providing",10075,1,0.8
"932",9538,"government",10085,1,-0.5
"933",9540,"food",10087,1,0.4
"934",9544,"needy",10091,1,-1
"935",9552,"allow",10099,1,0.25
"936",9554,"better",10101,1,0.8
"937",9561,"providing",10108,1,0.8
"938",9562,"clean",10109,1,0.75
"939",9572,"protect",10119,1,0.75
"940",9579,"comprehensive",10126,1,0.75
"941",9585,"well",10132,1,0.8
"942",9587,"providing",10134,1,0.8
"943",9599,"work",10146,1,0.25
"944",9606,"strategic",10153,1,0.6
"945",9618,"clear",10165,1,0.5
"946",9619,"results",10166,1,0.25
"947",9622,"nuts",10169,1,-0.25
"948",9628,"strong",10175,1,0.5
"949",9633,"performance",10180,1,0.4
"950",9635,"hope",10182,1,0.5
"951",9661,"additional",10208,1,0.25
"952",9684,"risk",10232,1,-0.75
"953",9686,"adverse",10234,1,-0.5
"954",9689,"upgraded",10237,1,0.8
"955",9695,"successfully",10243,1,1
"956",9706,"sufficient",10254,1,1
"957",9718,"exploring",10266,1,0.6
"958",9722,"new",10270,1,0.8
"959",9723,"technology",10271,1,0.1
"960",9728,"importance",10276,1,0.5
"961",9732,"cracking",10280,1,-0.4
"962",9735,"ensure",10283,1,0.8
"963",9759,"production",10307,1,0.1
"964",9763,"demands",10311,1,-0.4
"965",9779,"successful",10328,1,0.75
"966",9787,"economic",10336,1,-0.25
"967",9788,"empowerment",10337,1,1
"968",9792,"good",10341,1,0.75
"969",9793,"results",10342,1,0.25
"970",9797,"continue",10346,1,0.4
"971",9800,"objective",10349,1,0.4
"972",9803,"greater",10352,1,0.5
"973",9811,"technology",10360,1,0.1
"974",9819,"keenly",10368,1,0.8
"975",9820,"focused",10369,1,0.6
"976",9823,"task",10372,1,-0.25
"977",9827,"correctly",10376,1,0.8
"978",9834,"leader",10383,1,0.25
"979",9837,"production",10386,1,0.1
"980",9840,"continue",10389,1,0.4
"981",9847,"markets",10396,1,0.1
"982",9848,"demand",10397,1,-0.5
"983",9853,"commitment",10402,1,0.5
"984",9864,"grow",10413,1,0.8
"985",9870,"skilled",10419,1,0.5
"986",9873,"manage",10422,1,0.4
"987",9875,"provide",10424,1,0.8
"988",9876,"innovation",10425,1,0.75
"989",9881,"continue",10430,1,0.4
"990",9885,"develop",10434,1,0.1
"991",9894,"complex",10443,1,0.25
"992",9902,"grow",10451,1,0.8
"993",9908,"opportunities",10457,1,1
"994",9932,"chairman",10484,1,0.25
"995",9944,"assist",10498,1,0.8
"996",9946,"protecting",10500,1,0.8
"997",9974,"provide",10530,1,0.8
"998",9975,"invaluable",10531,1,1
"999",9979,"compliance",10535,1,0.1
"1000",9995,"like",10551,1,0.5
"1001",9997,"thank",10553,1,0.5
"1002",10012,"safe",10568,1,0.75
"1003",10019,"difficult",10575,1,-0.5
"1004",10036,"chairman",10593,1,0.25
"1005",10056,"continue",10614,1,0.4
"1006",10066,"director",10624,1,0.25
"1007",10069,"like",10627,1,0.5
"1008",10071,"thank",10629,1,0.5
"1009",10074,"sincerely",10632,1,0.5
"1010",10077,"wise",10635,1,0.5
"1011",10087,"fortunate",10645,1,1
"1012",10089,"welcome",10647,1,0.5
"1013",10095,"new",10653,1,0.8
"1014",10106,"extensive",10664,1,0.5
"1015",10144,"information",10708,1,0.4
"1016",10148,"general",10713,1,0.4
"1017",10150,"chairman",10716,1,0.25
"1018",10185,"loss",10762,1,-0.75
"1019",10188,"comprehensive",10765,1,0.75
"1020",10205,"equity",10785,1,1
"1021",10211,"equity",10792,1,1
"1022",10217,"cash",10799,1,0.4
"1023",10230,"major",10816,1,0.4
"1024",10239,"general",10826,1,0.4
"1025",10244,"information",10833,1,0.4
"1026",10285,"chairman",10877,1,0.25
"1027",10291,"director",10883,1,0.25
"1028",10300,"deceased",10892,1,-1
"1029",10321,"main",10915,1,0.4
"1030",10323,"custody",10917,1,-0.4
"1031",10326,"limited",10920,1,-0.75
"1032",10357,"limited",10961,1,-0.75
"1033",10363,"limited",10968,1,-0.75
"1034",10383,"limited",10991,1,-0.75
"1035",10411,"shares",11027,1,0.1
"1036",10416,"shares",11032,1,0.1
"1037",10423,"exchange",11039,1,0.25
"1038",10428,"exchange",11044,1,0.25
"1039",10434,"general",11051,1,0.4
"1040",10445,"general",11062,1,0.4
"1041",10488,"presence",11109,1,0.4
"1042",10493,"approve",11115,1,0.5
"1043",10501,"general",11123,1,0.4
"1044",10510,"adopt",11135,1,0.5
"1045",10525,"chairman",11152,1,0.25
"1046",10544,"share",11173,1,0.5
"1047",10553,"approve",11187,1,0.5
"1048",10573,"approve",11210,1,0.5
"1049",10594,"elect",11234,1,0.6
"1050",10602,"director",11242,1,0.25
"1051",10620,"eligible",11261,1,0.8
"1052",10642,"director",11284,1,0.25
"1053",10660,"eligible",11303,1,0.8
"1054",10682,"director",11326,1,0.25
"1055",10713,"special",11359,1,0.8
"1056",10717,"received",11363,1,0.6
"1057",10757,"risk",11408,1,-0.75
"1058",10763,"continue",11414,1,0.4
"1059",10849,"general",11508,1,0.4
"1060",10857,"received",11516,1,0.6
"1061",10873,"entitled",11534,1,-0.25
"1062",10882,"entitled",11543,1,-0.25
"1063",10908,"chairman",11570,1,0.25
"1064",10916,"results",11580,1,0.25
"1065",10918,"excellent",11582,1,1
"1066",10921,"results",11585,1,0.25
"1067",10926,"tax",11591,1,-0.25
"1068",10943,"demand",11610,1,-0.5
"1069",10957,"share",11624,1,0.5
"1070",10958,"increased",11625,1,0.5
"1071",10972,"difficult",11641,1,-0.5
"1072",10977,"inflationary",11646,1,-0.6
"1073",10978,"pressure",11647,1,-0.5
"1074",10983,"production",11652,1,0.1
"1075",10988,"develop",11657,1,0.1
"1076",11007,"balance",11676,1,0.6
"1077",11010,"strong",11679,1,0.5
"1078",11014,"good",11683,1,0.75
"1079",11019,"continue",11688,1,0.4
"1080",11021,"strategic",11690,1,0.6
"1081",11027,"recommended",11696,1,0.5
"1082",11033,"share",11703,1,0.5
"1083",11038,"share",11709,1,0.5
"1084",11043,"commitment",11715,1,0.5
"1085",11050,"prime",11722,1,0.1
"1086",11051,"focus",11723,1,0.6
"1087",11078,"sustainability",11750,1,1
"1088",11080,"improvement",11752,1,0.75
"1089",11086,"resources",11758,1,0.25
"1090",11088,"well",11760,1,0.8
"1091",11091,"wellbeing",11763,1,1
"1092",11098,"foundation",11770,1,0.4
"1093",11107,"supporting",11779,1,0.75
"1094",11111,"economic",11783,1,-0.25
"1095",11112,"empowerment",11784,1,1
"1096",11124,"empowerment",11796,1,1
"1097",11151,"well",11825,1,0.8
"1098",11159,"global",11833,1,0.4
"1099",11161,"uncertainty",11835,1,-0.8
"1100",11165,"volatile",11839,1,-0.4
"1101",11167,"markets",11841,1,0.1
"1102",11175,"commitment",11849,1,0.5
"1103",11178,"sustainability",11852,1,1
"1104",11188,"markets",11862,1,0.1
"1105",11195,"uncertain",11869,1,-0.75
"1106",11202,"pandemic",11876,1,-1
"1107",11208,"demand",11883,1,-0.5
"1108",11211,"unclear",11886,1,-0.5
"1109",11216,"uncertain",11892,1,-0.75
"1110",11221,"experienced",11897,1,0.6
"1111",11237,"decline",11913,1,-0.75
"1112",11242,"global",11918,1,0.4
"1113",11257,"excellent",11934,1,1
"1114",11281,"demand",11958,1,-0.5
"1115",11286,"production",11963,1,0.1
"1116",11298,"demand",11978,1,-0.5
"1117",11307,"excellent",11987,1,1
"1118",11314,"reputation",11994,1,1
"1119",11319,"quality",11999,1,1
"1120",11322,"undermined",12002,1,-0.75
"1121",11327,"immature",12007,1,-0.5
"1122",11330,"improved",12010,1,0.75
"1123",11335,"delays",12015,1,-0.8
"1124",11344,"focus",12024,1,0.6
"1125",11346,"producing",12026,1,0.6
"1126",11347,"quality",12027,1,1
"1127",11350,"well",12030,1,0.8
"1128",11361,"variety",12041,1,0.25
"1129",11363,"production",12043,1,0.1
"1130",11378,"well",12060,1,0.8
"1131",11395,"gold",12077,1,0.5
"1132",11403,"wealth",12085,1,0.5
"1133",11413,"stable",12095,1,1
"1134",11414,"quality",12096,1,1
"1135",11421,"chairman",12104,1,0.25
"1136",11471,"decline",12157,1,-0.75
"1137",11492,"demand",12178,1,-0.5
"1138",11499,"continue",12185,1,0.4
"1139",11502,"well",12188,1,0.8
"1140",11527,"experienced",12214,1,0.6
"1141",11534,"remarkably",12221,1,0.5
"1142",11551,"pressure",12239,1,-0.5
"1143",11559,"forward",12247,1,0.6
"1144",11564,"production",12253,1,0.1
"1145",11575,"agreement",12264,1,0.5
"1146",11582,"outstanding",12271,1,0.75
"1147",11597,"established",12289,1,0.4
"1148",11613,"well",12305,1,0.8
"1149",11624,"majority",12316,1,0.25
"1150",11639,"successfully",12331,1,1
"1151",11644,"committed",12336,1,0.5
"1152",11646,"ensuring",12338,1,0.8
"1153",11654,"professional",12346,1,0.8
"1154",11655,"transparent",12347,1,-0.25
"1155",11657,"equitable",12349,1,0.8
"1156",11662,"protect",12354,1,0.75
"1157",11664,"enhance",12356,1,0.5
"1158",11684,"markets",12376,1,0.1
"1159",11685,"authority",12377,1,0.5
"1160",11693,"found",12385,1,0.6
"1161",11703,"good",12396,1,0.75
"1162",11706,"compliance",12399,1,0.1
"1163",11721,"continue",12414,1,0.4
"1164",11727,"recommendations",12420,1,0.8
"1165",11730,"pleased",12423,1,0.75
"1166",11733,"positive",12426,1,0.75
"1167",11741,"sustainability",12434,1,1
"1168",11745,"work",12438,1,0.25
"1169",11746,"hard",12439,1,-0.25
"1170",11750,"sustainable",12443,1,1
"1171",11761,"enrichment",12454,1,1
"1172",11768,"steadfast",12461,1,0.75
"1173",11771,"support",12464,1,0.5
"1174",11776,"economic",12469,1,-0.25
"1175",11777,"empowerment",12470,1,1
"1176",11783,"conservation",12476,1,0.8
"1177",11809,"works",12502,1,0.25
"1178",11812,"relating",12505,1,0.1
"1179",11814,"good",12507,1,0.75
"1180",11817,"wellbeing",12510,1,1
"1181",11818,"quality",12511,1,1
"1182",11821,"equality",12514,1,0.8
"1183",11822,"clean",12515,1,0.75
"1184",11826,"decent",12519,1,0.5
"1185",11827,"work",12520,1,0.25
"1186",11829,"economic",12522,1,-0.25
"1187",11830,"growth",12523,1,0.5
"1188",11833,"action",12526,1,0.25
"1189",11836,"commitment",12529,1,0.5
"1190",11839,"community",12532,1,0.6
"1191",11844,"earnest",12537,1,0.75
"1192",11867,"good",12560,1,0.75
"1193",11872,"increased",12565,1,0.5
"1194",11873,"level",12566,1,0.4
"1195",11875,"new",12568,1,0.8
"1196",11882,"critical",12575,1,-0.6
"1197",11889,"improving",12582,1,0.75
"1198",11891,"knowledge",12584,1,0.6
"1199",11899,"growing",12592,1,0.8
"1200",11900,"quality",12593,1,1
"1201",11907,"essential",12600,1,0.6
"1202",11914,"prevent",12607,1,-0.25
"1203",11920,"ignored",12613,1,-0.6
"1204",11922,"weak",12615,1,-0.5
"1205",11923,"markets",12616,1,0.1
"1206",11927,"engage",12620,1,0.6
"1207",11939,"government",12632,1,-0.5
"1208",11943,"civil",12636,1,0.8
"1209",11967,"united",12661,1,0.5
"1210",11969,"global",12663,1,0.4
"1211",11970,"compact",12664,1,0.4
"1212",11979,"completing",12673,1,0.8
"1213",11983,"join",12677,1,0.25
"1214",11985,"united",12679,1,0.5
"1215",11989,"support",12683,1,0.5
"1216",11995,"empowerment",12689,1,1
"1217",11998,"chairman",12693,1,0.25
"1218",12012,"sustainability",12709,1,1
"1219",12015,"commitment",12712,1,0.5
"1220",12037,"harassment",12734,1,-1
"1221",12041,"prevention",12738,1,0.25
"1222",12042,"sharp",12739,1,1
"1223",12047,"positive",12744,1,0.75
"1224",12060,"community",12757,1,0.6
"1225",12061,"sharp",12758,1,1
"1226",12063,"featured",12760,1,0.4
"1227",12068,"united",12765,1,0.5
"1228",12089,"launched",12787,1,0.25
"1229",12093,"stop",12791,1,-0.4
"1230",12097,"abuse",12795,1,-1
"1231",12105,"youth",12803,1,0.4
"1232",12110,"general",12808,1,0.4
"1233",12111,"community",12809,1,0.6
"1234",12115,"posed",12813,1,-0.25
"1235",12131,"additional",12829,1,0.25
"1236",12132,"focus",12830,1,0.6
"1237",12135,"stress",12833,1,-0.75
"1238",12137,"depression",12835,1,-0.5
"1239",12138,"management",12836,1,0.4
"1240",12140,"well",12838,1,0.8
"1241",12142,"promoting",12840,1,0.6
"1242",12149,"successfully",12847,1,1
"1243",12155,"food",12853,1,0.4
"1244",12156,"safety",12854,1,0.8
"1245",12158,"including",12856,1,0.6
"1246",12163,"risk",12861,1,-0.75
"1247",12167,"practice",12865,1,0.4
"1248",12171,"ethical",12869,1,0.75
"1249",12177,"nurture",12875,1,0.8
"1250",12179,"food",12877,1,0.4
"1251",12180,"safety",12878,1,0.8
"1252",12199,"well",12897,1,0.8
"1253",12213,"strategic",12911,1,0.6
"1254",12216,"positive",12914,1,0.75
"1255",12217,"progress",12915,1,0.75
"1256",12225,"strategic",12923,1,0.6
"1257",12233,"growth",12931,1,0.5
"1258",12253,"strategic",12951,1,0.6
"1259",12265,"additional",12963,1,0.25
"1260",12272,"new",12970,1,0.8
"1261",12279,"work",12978,1,0.25
"1262",12305,"risk",13005,1,-0.75
"1263",12307,"adverse",13007,1,-0.5
"1264",12328,"continue",13028,1,0.4
"1265",12331,"good",13031,1,0.75
"1266",12332,"demand",13032,1,-0.5
"1267",12338,"important",13038,1,0.75
"1268",12339,"contribution",13039,1,0.5
"1269",12342,"food",13042,1,0.4
"1270",12345,"hope",13045,1,0.5
"1271",12347,"grow",13047,1,0.8
"1272",12356,"profound",13057,1,1
"1273",12357,"sadness",13058,1,-0.5
"1274",12362,"death",13063,1,-0.75
"1275",12373,"united",13074,1,0.5
"1276",12382,"battle",13084,1,-0.5
"1277",12384,"cancer",13086,1,-0.75
"1278",12390,"director",13092,1,0.25
"1279",12399,"chairman",13102,1,0.25
"1280",12410,"guidance",13113,1,0.5
"1281",12412,"counsel",13115,1,0.4
"1282",12416,"missed",13119,1,-0.5
"1283",12422,"fellow",13125,1,0.4
"1284",12426,"sincere",13129,1,0.75
"1285",12440,"expand",13143,1,0.1
"1286",12443,"committed",13146,1,0.5
"1287",12449,"management",13152,1,0.4
"1288",12453,"management",13156,1,0.4
"1289",12456,"continue",13159,1,0.4
"1290",12459,"strong",13162,1,0.5
"1291",12460,"commitment",13163,1,0.5
"1292",12468,"challenging",13171,1,-1
"1293",12472,"well",13175,1,0.8
"1294",12473,"supported",13176,1,0.75
"1295",12479,"legal",13182,1,0.25
"1296",12484,"ahead",13187,1,0.8
"1297",12499,"technology",13202,1,0.1
"1298",12500,"culture",13203,1,0.6
"1299",12508,"ready",13211,1,0.8
"1300",12510,"adapt",13213,1,0.8
"1301",12513,"new",13216,1,0.8
"1302",12527,"growing",13230,1,0.8
"1303",12529,"global",13232,1,0.4
"1304",12530,"demand",13233,1,-0.5
"1305",12538,"chairman",13242,1,0.25
"1306",12547,"ahead",13253,1,0.8
"1307",12551,"good",13257,1,0.75
"1308",12552,"quality",13258,1,1
"1309",12553,"healthy",13259,1,0.75
"1310",12554,"food",13260,1,0.4
"1311",12557,"forward",13263,1,0.6
"1312",12559,"challenge",13265,1,-0.25
"1313",12563,"continue",13269,1,0.4
"1314",12576,"global",13282,1,0.4
"1315",12577,"economic",13283,1,-0.25
"1316",12586,"adapt",13292,1,0.8
"1317",12590,"new",13296,1,0.8
"1318",12595,"established",13301,1,0.4
"1319",12599,"appropriate",13305,1,1
"1320",12611,"new",13317,1,0.8
"1321",12622,"production",13328,1,0.1
"1322",12632,"well",13338,1,0.8
"1323",12637,"production",13343,1,0.1
"1324",12642,"ensure",13348,1,0.8
"1325",12647,"global",13353,1,0.4
"1326",12650,"well",13356,1,0.8
"1327",12660,"advance",13366,1,0.8
"1328",12671,"unpredictable",13377,1,-0.5
"1329",12673,"volatile",13379,1,-0.4
"1330",12679,"production",13385,1,0.1
"1331",12692,"new",13398,1,0.8
"1332",12693,"threats",13399,1,-0.75
"1333",12696,"locusts",13402,1,-0.25
"1334",12720,"like",13426,1,0.5
"1335",12722,"sincerely",13428,1,0.5
"1336",12723,"thank",13429,1,0.5
"1337",12729,"commitment",13435,1,0.5
"1338",12731,"hard",13437,1,-0.25
"1339",12732,"work",13438,1,0.25
"1340",12738,"posed",13444,1,-0.25
"1341",12742,"unique",13448,1,0.6
"1342",12751,"great",13457,1,0.5
"1343",12752,"dedication",13458,1,0.5
"1344",12760,"exemplary",13466,1,0.5
"1345",12767,"invaluable",13473,1,1
"1346",12770,"assistance",13476,1,0.8
"1347",12773,"support",13479,1,0.5
"1348",12775,"management",13481,1,0.4
"1349",12779,"progress",13485,1,0.75
"1350",12782,"productive",13488,1,0.5
"1351",12788,"confidence",13494,1,0.75
"1352",12792,"continue",13498,1,0.4
"1353",12799,"chairman",13505,1,0.25
"1354",12850,"prepared",13563,1,0.5
"1355",12858,"principal",13572,1,0.4
"1356",12861,"principal",13575,1,0.4
"1357",12867,"growing",13581,1,0.8
"1358",12873,"growing",13587,1,0.8
"1359",12874,"cracking",13588,1,-0.4
"1360",12879,"nuts",13593,1,-0.25
"1361",12881,"cultivation",13595,1,0.6
"1362",12924,"chairman",13638,1,0.25
"1363",12930,"principal",13646,1,0.4
"1364",12931,"risks",13647,1,-0.25
"1365",12940,"risks",13656,1,-0.25
"1366",12955,"risks",13671,1,-0.25
"1367",12957,"information",13673,1,0.4
"1368",12963,"risks",13679,1,-0.25
"1369",12974,"risks",13691,1,-0.25
"1370",12975,"relating",13692,1,0.1
"1371",12980,"principal",13697,1,0.4
"1372",12988,"level",13705,1,0.4
"1373",12990,"rainfall",13707,1,0.1
"1374",13002,"volatility",13719,1,-0.5
"1375",13013,"fluctuation",13730,1,-0.25
"1376",13015,"volatility",13732,1,-0.5
"1377",13021,"foreign",13738,1,-0.25
"1378",13027,"increased",13744,1,0.5
"1379",13030,"production",13747,1,0.1
"1380",13034,"results",13751,1,0.25
"1381",13050,"retained",13770,1,0.6
"1382",13054,"recommend",13774,1,0.5
"1383",13056,"approval",13776,1,1
"1384",13068,"share",13791,1,0.5
"1385",13070,"results",13793,1,0.25
"1386",13086,"general",13811,1,0.4
"1387",13092,"general",13817,1,0.4
"1388",13149,"interests",13880,1,0.5
"1389",13152,"share",13883,1,0.5
"1390",13164,"beneficial",13899,1,0.5
"1391",13166,"beneficial",13901,1,0.5
"1392",13169,"shares",13904,1,0.1
"1393",13171,"shares",13906,1,0.1
"1394",13173,"shares",13908,1,0.1
"1395",13175,"shares",13910,1,0.1
"1396",13180,"deceased",13915,1,-1
"1397",13214,"director",13959,1,0.25
"1398",13232,"eligible",13978,1,0.8
"1399",13253,"director",14000,1,0.25
"1400",13271,"eligible",14019,1,0.8
"1401",13292,"director",14041,1,0.25
"1402",13323,"special",14074,1,0.8
"1403",13327,"received",14078,1,0.6
"1404",13367,"risk",14122,1,-0.75
"1405",13373,"continue",14128,1,0.4
"1406",13403,"information",14158,1,0.4
"1407",13407,"director",14162,1,0.25
"1408",13420,"approval",14175,1,1
"1409",13427,"relevant",14182,1,0.8
"1410",13429,"information",14184,1,0.4
"1411",13440,"unaware",14195,1,-0.75
"1412",13444,"director",14199,1,0.25
"1413",13458,"director",14213,1,0.25
"1414",13465,"relevant",14220,1,0.8
"1415",13467,"information",14222,1,0.4
"1416",13483,"information",14238,1,0.4
"1417",13490,"willingness",14245,1,0.75
"1418",13491,"continue",14246,1,0.4
"1419",13510,"effectiveness",14268,1,0.6
"1420",13513,"independence",14271,1,0.8
"1421",13520,"approve",14278,1,0.5
"1422",13547,"director",14305,1,0.25
"1423",13568,"prepare",14332,1,0.1
"1424",13580,"fair",14344,1,0.75
"1425",13604,"performance",14368,1,0.4
"1426",13616,"ensure",14380,1,0.8
"1427",13624,"proper",14388,1,0.5
"1428",13629,"sufficient",14393,1,1
"1429",13644,"reasonable",14408,1,0.5
"1430",13660,"prepare",14424,1,0.1
"1431",13688,"responsible",14453,1,0.25
"1432",13692,"assets",14457,1,0.5
"1433",13699,"reasonable",14464,1,0.5
"1434",13703,"prevention",14468,1,0.25
"1435",13705,"detection",14470,1,0.25
"1436",13707,"fraud",14472,1,-0.75
"1437",13709,"error",14474,1,-1
"1438",13712,"accept",14477,1,1
"1439",13742,"accept",14508,1,1
"1440",13749,"maintaining",14515,1,0.6
"1441",13758,"enable",14524,1,0.6
"1442",13766,"free",14532,1,0.5
"1443",13769,"misstatement",14535,1,-0.5
"1444",13773,"fraud",14539,1,-0.75
"1445",13775,"error",14541,1,-1
"1446",13778,"suitable",14544,1,0.5
"1447",13785,"consistently",14551,1,0.8
"1448",13795,"reasonable",14561,1,0.5
"1449",13815,"ability",14581,1,0.5
"1450",13817,"continue",14583,1,0.4
"1451",13820,"concerns",14586,1,-0.6
"1452",13826,"relating",14592,1,0.1
"1453",13832,"concern",14598,1,-0.6
"1454",13845,"attention",14611,1,0.25
"1455",13861,"concerns",14627,1,-0.6
"1456",13888,"relieve",14654,1,1
"1457",13893,"approved",14659,1,1
"1458",13913,"director",14681,1,0.25
"1459",13914,"director",14682,1,0.25
"1460",13929,"management",14700,1,0.4
"1461",13935,"effective",14706,1,0.8
"1462",13942,"prudent",14713,1,0.5
"1463",13954,"enhances",14725,1,0.8
"1464",13958,"satisfies",14729,1,0.5
"1465",13960,"interests",14731,1,0.5
"1466",13999,"best",14770,1,0.5
"1467",14001,"including",14772,1,0.6
"1468",14008,"markets",14779,1,0.1
"1469",14009,"authority",14780,1,0.5
"1470",14027,"global",14799,1,0.4
"1471",14028,"best",14800,1,0.5
"1472",14047,"recommendations",14819,1,0.8
"1473",14054,"ensure",14826,1,0.8
"1474",14059,"compliant",14831,1,0.5
"1475",14068,"accredited",14840,1,0.8
"1476",14097,"main",14870,1,0.4
"1477",14110,"recommendations",14883,1,0.8
"1478",14114,"carefully",14887,1,0.25
"1479",14118,"appropriate",14891,1,1
"1480",14164,"independence",14937,1,0.8
"1481",14184,"director",14957,1,0.25
"1482",14216,"including",14989,1,0.6
"1483",14219,"chairman",14992,1,0.25
"1484",14272,"management",15047,1,0.4
"1485",14277,"advise",15052,1,0.8
"1486",14279,"challenge",15054,1,-0.25
"1487",14283,"success",15058,1,0.75
"1488",14285,"management",15060,1,0.4
"1489",14289,"agreed",15064,1,0.5
"1490",14293,"risk",15068,1,-0.75
"1491",14308,"complexity",15083,1,0.25
"1492",14321,"sufficient",15096,1,1
"1493",14332,"legal",15107,1,0.25
"1494",14334,"regulatory",15109,1,-0.25
"1495",14339,"excluding",15114,1,-0.8
"1496",14342,"director",15117,1,0.25
"1497",14369,"director",15144,1,0.25
"1498",14386,"general",15161,1,0.4
"1499",14410,"limits",15185,1,-0.25
"1500",14452,"approval",15230,1,1
"1501",14454,"expenditure",15232,1,-0.25
"1502",14457,"limits",15235,1,-0.25
"1503",14458,"approval",15236,1,1
"1504",14465,"limits",15243,1,-0.25
"1505",14474,"approval",15252,1,1
"1506",14480,"debt",15258,1,-0.75
"1507",14487,"well",15265,1,0.8
"1508",14488,"composed",15266,1,0.8
"1509",14501,"knowledge",15279,1,0.6
"1510",14505,"appropriate",15283,1,1
"1511",14506,"balance",15284,1,0.6
"1512",14518,"opportunities",15296,1,1
"1513",14535,"director",15313,1,0.25
"1514",14538,"occupation",15316,1,0.1
"1515",14544,"chairman",15322,1,0.25
"1516",14547,"director",15325,1,0.25
"1517",14554,"director",15334,1,0.25
"1518",14556,"director",15336,1,0.25
"1519",14564,"director",15346,1,0.25
"1520",14572,"director",15356,1,0.25
"1521",14573,"accountant",15357,1,-0.25
"1522",14579,"director",15365,1,0.25
"1523",14590,"director",15378,1,0.25
"1524",14591,"accountant",15379,1,-0.25
"1525",14599,"director",15389,1,0.25
"1526",14600,"deceased",15390,1,-1
"1527",14601,"accountant",15391,1,-0.25
"1528",14607,"director",15399,1,0.25
"1529",14609,"director",15401,1,0.25
"1530",14610,"accountant",15402,1,-0.25
"1531",14612,"separation",15406,1,-0.4
"1532",14619,"chairman",15413,1,0.25
"1533",14623,"director",15417,1,0.25
"1534",14635,"management",15429,1,0.4
"1535",14637,"chairman",15431,1,0.25
"1536",14649,"collective",15443,1,-0.25
"1537",14656,"director",15450,1,0.25
"1538",14658,"responsible",15452,1,0.25
"1539",14667,"effective",15461,1,0.8
"1540",14669,"efficient",15463,1,0.75
"1541",14688,"shares",15482,1,0.1
"1542",14701,"equity",15496,1,1
"1543",14713,"committed",15509,1,0.5
"1544",14715,"ensuring",15511,1,0.8
"1545",14723,"professional",15519,1,0.8
"1546",14724,"transparent",15520,1,-0.25
"1547",14727,"equitable",15523,1,0.8
"1548",14730,"protect",15526,1,0.75
"1549",14732,"enhance",15528,1,0.5
"1550",14736,"satisfy",15532,1,1
"1551",14738,"interests",15534,1,0.5
"1552",14760,"established",15559,1,0.4
"1553",14766,"guide",15565,1,0.6
"1554",14770,"management",15569,1,0.4
"1555",14793,"include",15592,1,0.6
"1556",14813,"attraction",15612,1,1
"1557",14815,"retention",15614,1,0.4
"1558",14820,"ethics",15619,1,0.4
"1559",14824,"guidance",15623,1,0.5
"1560",14832,"deal",15631,1,0.25
"1561",14834,"ethical",15633,1,0.75
"1562",14835,"issues",15634,1,-1
"1563",14836,"provide",15635,1,0.8
"1564",14840,"unethical",15639,1,-0.5
"1565",14846,"culture",15645,1,0.6
"1566",14848,"honesty",15647,1,0.5
"1567",14850,"accountability",15649,1,0.8
"1568",14860,"ethics",15659,1,0.4
"1569",14862,"conflict",15661,1,-1
"1570",14864,"interest",15663,1,0.5
"1571",14870,"ethics",15669,1,0.4
"1572",14872,"guidance",15671,1,0.5
"1573",14874,"conflict",15673,1,-1
"1574",14876,"interest",15675,1,0.5
"1575",14885,"guiding",15684,1,0.6
"1576",14887,"partnership",15686,1,0.8
"1577",14888,"focus",15687,1,0.6
"1578",14895,"respect",15694,1,0.5
"1579",14899,"well",15698,1,0.8
"1580",14938,"clear",15737,1,0.5
"1581",14946,"relating",15745,1,0.1
"1582",14950,"tender",15749,1,0.75
"1583",14956,"well",15755,1,0.8
"1584",14959,"comprehensive",15758,1,0.75
"1585",14967,"engaged",15766,1,0.6
"1586",14984,"information",15783,1,0.4
"1587",14985,"information",15784,1,0.4
"1588",14987,"technology",15786,1,0.1
"1589",14997,"strategic",15796,1,0.6
"1590",15021,"good",15820,1,0.75
